INSERT INTO mydb.class (class_id, building, number, capacity) VALUES (1, 1, 112, 30);
INSERT INTO mydb.class (class_id, building, number, capacity) VALUES (2, 1, 223, 60);
INSERT INTO mydb.class (class_id, building, number, capacity) VALUES (3, 1, 313, 100);
INSERT INTO mydb.class (class_id, building, number, capacity) VALUES (4, 1, 110, 15);
INSERT INTO mydb.class (class_id, building, number, capacity) VALUES (5, 3, 305, 30);
INSERT INTO mydb.class (class_id, building, number, capacity) VALUES (6, 10, 9, 15);
INSERT INTO mydb.class (class_id, building, number, capacity) VALUES (7, 7, 3, 40);
INSERT INTO mydb.class (class_id, building, number, capacity) VALUES (8, 4, 5, 30);
INSERT INTO mydb.class (class_id, building, number, capacity) VALUES (9, 3, 112, 300);
INSERT INTO mydb.class (class_id, building, number, capacity) VALUES (10, 2, 212, 10);
INSERT INTO mydb.semester (semester_id, year, semester) VALUES (1, 2018, 1);
INSERT INTO mydb.semester (semester_id, year, semester) VALUES (2, 2018, 2);
INSERT INTO mydb.semester (semester_id, year, semester) VALUES (3, 2018, 3);
INSERT INTO mydb.semester (semester_id, year, semester) VALUES (4, 2017, 1);
INSERT INTO mydb.semester (semester_id, year, semester) VALUES (5, 2017, 2);
INSERT INTO mydb.semester (semester_id, year, semester) VALUES (6, 2017, 3);
INSERT INTO mydb.semester (semester_id, year, semester) VALUES (7, 2016, 1);
INSERT INTO mydb.semester (semester_id, year, semester) VALUES (8, 2016, 2);
INSERT INTO mydb.semester (semester_id, year, semester) VALUES (9, 2016, 3);
INSERT INTO mydb.week (week_id, number, start, end, semester_id) VALUES (1, 1, '2018-04-02', '2018-04-08', 2);
INSERT INTO mydb.week (week_id, number, start, end, semester_id) VALUES (2, 2, '2018-04-09', '2018-04-15', 2);
INSERT INTO mydb.week (week_id, number, start, end, semester_id) VALUES (3, 3, '2018-04-16', '2018-04-22', 2);
INSERT INTO mydb.week (week_id, number, start, end, semester_id) VALUES (4, 4, '2018-04-23', '2018-04-29', 2);
INSERT INTO mydb.week (week_id, number, start, end, semester_id) VALUES (5, 5, '2018-04-30', '2018-05-06', 2);
INSERT INTO mydb.week (week_id, number, start, end, semester_id) VALUES (6, 1, '2018-05-14', '2018-05-20', 3);
INSERT INTO mydb.week (week_id, number, start, end, semester_id) VALUES (7, 2, '2018-05-21', '2018-05-27', 3);
INSERT INTO mydb.week (week_id, number, start, end, semester_id) VALUES (8, 3, '2018-05-28', '2018-06-03', 3);
INSERT INTO mydb.week (week_id, number, start, end, semester_id) VALUES (9, 4, '2018-06-04', '2018-06-10', 3);
INSERT INTO mydb.week (week_id, number, start, end, semester_id) VALUES (10, 5, '2018-06-11', '2018-06-17', 3);
INSERT INTO mydb.department (department_id, name, building_number) VALUES (1, 'Math ', 1);
INSERT INTO mydb.department (department_id, name, building_number) VALUES (2, 'Law ', 6);
INSERT INTO mydb.department (department_id, name, building_number) VALUES (3, 'English', 3);
INSERT INTO mydb.department (department_id, name, building_number) VALUES (4, 'Ukrainian language and Literature', 3);
INSERT INTO mydb.department (department_id, name, building_number) VALUES (5, 'Economics', 5);
INSERT INTO mydb.department (department_id, name, building_number) VALUES (6, 'Marketing', 5);
INSERT INTO mydb.department (department_id, name, building_number) VALUES (7, 'Chemistry', 2);
INSERT INTO mydb.department (department_id, name, building_number) VALUES (8, 'Ecology', 2);
INSERT INTO mydb.department (department_id, name, building_number) VALUES (9, 'Biology', 2);
INSERT INTO mydb.course (course_id, department_id, name, lections, seminars, conclusion, credits, obligatory) VALUES (1, 1, 'High math', 11, 15, 1, 6, 1);
INSERT INTO mydb.course (course_id, department_id, name, lections, seminars, conclusion, credits, obligatory) VALUES (2, 1, 'Analytical algebra', 13, 10, 1, 4, 1);
INSERT INTO mydb.course (course_id, department_id, name, lections, seminars, conclusion, credits, obligatory) VALUES (3, 2, 'Criminal Law', 10, 14, 1, 3, 0);
INSERT INTO mydb.course (course_id, department_id, name, lections, seminars, conclusion, credits, obligatory) VALUES (4, 3, 'Literature English', 1, 5, 1, 2, 0);
INSERT INTO mydb.course (course_id, department_id, name, lections, seminars, conclusion, credits, obligatory) VALUES (5, 4, 'Ukrainian language IT', 3, 4, 0, 3, 1);
INSERT INTO mydb.course (course_id, department_id, name, lections, seminars, conclusion, credits, obligatory) VALUES (6, 5, 'Marketology', 2, 10, 0, 4, 0);
INSERT INTO mydb.course (course_id, department_id, name, lections, seminars, conclusion, credits, obligatory) VALUES (7, 6, 'World economics', 12, 12, 0, 2, 1);
INSERT INTO mydb.course (course_id, department_id, name, lections, seminars, conclusion, credits, obligatory) VALUES (8, 7, 'Moleacular chemistry', 12, 2, 1, 1, 1);
INSERT INTO mydb.course (course_id, department_id, name, lections, seminars, conclusion, credits, obligatory) VALUES (9, 8, 'Ecological building', 22, 12, 0, 5, 1);
INSERT INTO mydb.course (course_id, department_id, name, lections, seminars, conclusion, credits, obligatory) VALUES (10, 9, 'Living creatures and how to treat them', 22, 12, 0, 3, 1);
INSERT INTO mydb.student (student_id, surname, speciality, startdate, enddate, enddate_reason, credits) VALUES (2, 'Poliakova Anna', 'Software Engineering', '2014-09-01', '2018-06-28', NULL, 184);
INSERT INTO mydb.student (student_id, surname, speciality, startdate, enddate, enddate_reason, credits) VALUES (3, 'Trembovelsky Bogdan', 'Law', '2015-09-01', '2019-06-28', 2, 130);
INSERT INTO mydb.student (student_id, surname, speciality, startdate, enddate, enddate_reason, credits) VALUES (4, 'Dekhtiarenko Mykola', 'Software Engineering', '2014-09-01', '2018-06-28', 3, 190);
INSERT INTO mydb.student (student_id, surname, speciality, startdate, enddate, enddate_reason, credits) VALUES (5, 'Pashko Ruslana', 'Software Engineering', '2014-09-01', '2018-06-28', 1, 122);
INSERT INTO mydb.student (student_id, surname, speciality, startdate, enddate, enddate_reason, credits) VALUES (6, 'Oblap Dmytro', 'Law', '2016-09-01', '2020-06-28', NULL, 60);
INSERT INTO mydb.student (student_id, surname, speciality, startdate, enddate, enddate_reason, credits) VALUES (7, 'Kulias Anastasia', 'Marketing', '2017-09-01', '2021-06-28', NULL, 89);
INSERT INTO mydb.student (student_id, surname, speciality, startdate, enddate, enddate_reason, credits) VALUES (8, 'Podprugina Julia', 'Chemistry', '2014-09-01', '2018-06-28', NULL, 130);
INSERT INTO mydb.student (student_id, surname, speciality, startdate, enddate, enddate_reason, credits) VALUES (9, 'Shapetko Tetyana', 'Ecology', '2015-09-01', '2019-06-28', 1, 145);
INSERT INTO mydb.student (student_id, surname, speciality, startdate, enddate, enddate_reason, credits) VALUES (10, 'Veretelnyk Ivan', 'Philosophy', '2016-09-01', '2020-06-28', NULL, 67);
INSERT INTO mydb.student (student_id, surname, speciality, startdate, enddate, enddate_reason, credits) VALUES (11, 'Kolodiy Maryna', 'English', '2017-09-01', '2021-06-28', NULL, 30);
INSERT INTO mydb.student (student_id, surname, speciality, startdate, enddate, enddate_reason, credits) VALUES (12, 'Martynenko Andriy', 'Culture', '2014-09-01', '2018-06-28', NULL, 128);
INSERT INTO mydb.schedule (schedule_id, day, lesson_number, week_id) VALUES (1, 1, 1, 1);
INSERT INTO mydb.schedule (schedule_id, day, lesson_number, week_id) VALUES (2, 1, 2, 1);
INSERT INTO mydb.schedule (schedule_id, day, lesson_number, week_id) VALUES (3, 1, 3, 1);
INSERT INTO mydb.schedule (schedule_id, day, lesson_number, week_id) VALUES (4, 1, 4, 1);
INSERT INTO mydb.schedule (schedule_id, day, lesson_number, week_id) VALUES (5, 1, 5, 1);
INSERT INTO mydb.schedule (schedule_id, day, lesson_number, week_id) VALUES (6, 1, 6, 1);
INSERT INTO mydb.schedule (schedule_id, day, lesson_number, week_id) VALUES (7, 2, 1, 1);
INSERT INTO mydb.schedule (schedule_id, day, lesson_number, week_id) VALUES (8, 2, 2, 1);
INSERT INTO mydb.schedule (schedule_id, day, lesson_number, week_id) VALUES (9, 2, 3, 1);
INSERT INTO mydb.schedule (schedule_id, day, lesson_number, week_id) VALUES (10, 2, 4, 1);
INSERT INTO mydb.schedule (schedule_id, day, lesson_number, week_id) VALUES (11, 2, 5, 1);
INSERT INTO mydb.schedule (schedule_id, day, lesson_number, week_id) VALUES (12, 2, 6, 1);
INSERT INTO mydb.schedule (schedule_id, day, lesson_number, week_id) VALUES (13, 3, 1, 1);
INSERT INTO mydb.schedule (schedule_id, day, lesson_number, week_id) VALUES (14, 3, 2, 1);
INSERT INTO mydb.schedule (schedule_id, day, lesson_number, week_id) VALUES (21, 3, 3, 1);
INSERT INTO mydb.schedule (schedule_id, day, lesson_number, week_id) VALUES (22, 3, 4, 1);
INSERT INTO mydb.schedule (schedule_id, day, lesson_number, week_id) VALUES (23, 3, 5, 1);
INSERT INTO mydb.schedule (schedule_id, day, lesson_number, week_id) VALUES (24, 3, 6, 1);
INSERT INTO mydb.schedule (schedule_id, day, lesson_number, week_id) VALUES (25, 4, 1, 1);
INSERT INTO mydb.schedule (schedule_id, day, lesson_number, week_id) VALUES (26, 4, 2, 1);
INSERT INTO mydb.schedule (schedule_id, day, lesson_number, week_id) VALUES (27, 4, 3, 1);
INSERT INTO mydb.schedule (schedule_id, day, lesson_number, week_id) VALUES (28, 4, 4, 1);
INSERT INTO mydb.schedule (schedule_id, day, lesson_number, week_id) VALUES (29, 4, 5, 1);
INSERT INTO mydb.schedule (schedule_id, day, lesson_number, week_id) VALUES (30, 4, 6, 1);
INSERT INTO mydb.schedule (schedule_id, day, lesson_number, week_id) VALUES (31, 5, 1, 1);
INSERT INTO mydb.schedule (schedule_id, day, lesson_number, week_id) VALUES (32, 5, 2, 1);
INSERT INTO mydb.schedule (schedule_id, day, lesson_number, week_id) VALUES (33, 5, 3, 1);
INSERT INTO mydb.schedule (schedule_id, day, lesson_number, week_id) VALUES (34, 5, 4, 1);
INSERT INTO mydb.schedule (schedule_id, day, lesson_number, week_id) VALUES (35, 5, 5, 1);
INSERT INTO mydb.schedule (schedule_id, day, lesson_number, week_id) VALUES (36, 5, 6, 1);
INSERT INTO mydb.teacher (teacher_id, department_id, name, role) VALUES (1, 1, 'Chorney Vitaliy', 1);
INSERT INTO mydb.teacher (teacher_id, department_id, name, role) VALUES (2, 1, 'Zacharichenko Yurii', 2);
INSERT INTO mydb.teacher (teacher_id, department_id, name, role) VALUES (3, 2, 'Petrenko Mykola', 1);
INSERT INTO mydb.teacher (teacher_id, department_id, name, role) VALUES (4, 2, 'Ivanova Maria', 2);
INSERT INTO mydb.teacher (teacher_id, department_id, name, role) VALUES (5, 3, 'Bondar Malvina', 1);
INSERT INTO mydb.teacher (teacher_id, department_id, name, role) VALUES (6, 3, 'Chumak Iryna', 2);
INSERT INTO mydb.teacher (teacher_id, department_id, name, role) VALUES (7, 4, 'Kadochnikova Iryna', 1);
INSERT INTO mydb.teacher (teacher_id, department_id, name, role) VALUES (8, 4, 'Velesova Marya', 2);
INSERT INTO mydb.teacher (teacher_id, department_id, name, role) VALUES (9, 5, 'Meleshevych Petro', 1);
INSERT INTO mydb.teacher (teacher_id, department_id, name, role) VALUES (10, 6, 'Grechko Anastasia', 1);
INSERT INTO mydb.teacher (teacher_id, department_id, name, role) VALUES (11, 7, 'Glomosda Dmytro', 1);
INSERT INTO mydb.teacher (teacher_id, department_id, name, role) VALUES (12, 7, 'Dorosh Ihor', 2);
INSERT INTO mydb.teacher (teacher_id, department_id, name, role) VALUES (13, 8, 'Borozennyi Ihor', 1);
INSERT INTO mydb.teacher (teacher_id, department_id, name, role) VALUES (14, 9, 'Afonin Andriy', 1);
INSERT INTO mydb.teacher (teacher_id, department_id, name, role) VALUES (15, 9, 'Pylypenko Andriy', 2);
INSERT INTO mydb.lesson (lesson_id, type, teacher_id, course_id, thread_name, thread_id, group_number, semester_id) VALUES (1, 1, 1, 1, 'Informatics', 1, 1, 1);
INSERT INTO mydb.lesson (lesson_id, type, teacher_id, course_id, thread_name, thread_id, group_number, semester_id) VALUES (2, 1, 2, 2, 'Software Engineering', 1, 1, 1);
INSERT INTO mydb.lesson (lesson_id, type, teacher_id, course_id, thread_name, thread_id, group_number, semester_id) VALUES (3, 0, 2, 2, 'Software Engineering', 1, 2, 1);
INSERT INTO mydb.lesson (lesson_id, type, teacher_id, course_id, thread_name, thread_id, group_number, semester_id) VALUES (4, 0, 3, 3, 'Law', 1, 3, 2);
INSERT INTO mydb.lesson (lesson_id, type, teacher_id, course_id, thread_name, thread_id, group_number, semester_id) VALUES (5, 0, 3, 3, 'Law', 1, 2, 2);
INSERT INTO mydb.lesson (lesson_id, type, teacher_id, course_id, thread_name, thread_id, group_number, semester_id) VALUES (6, 0, 3, 3, 'Law', 1, 1, 2);
INSERT INTO mydb.lesson (lesson_id, type, teacher_id, course_id, thread_name, thread_id, group_number, semester_id) VALUES (7, 1, 7, 4, 'Ukrainian', 1, 1, 3);
INSERT INTO mydb.lesson (lesson_id, type, teacher_id, course_id, thread_name, thread_id, group_number, semester_id) VALUES (8, 1, 7, 4, 'Ukrainian', 1, 2, 3);
INSERT INTO mydb.lesson (lesson_id, type, teacher_id, course_id, thread_name, thread_id, group_number, semester_id) VALUES (9, 1, 7, 4, 'Ukrainian', 1, 3, 3);
INSERT INTO mydb.lesson (lesson_id, type, teacher_id, course_id, thread_name, thread_id, group_number, semester_id) VALUES (10, 1, 7, 4, 'Ukrainian', 1, 4, 3);
INSERT INTO mydb.lesson (lesson_id, type, teacher_id, course_id, thread_name, thread_id, group_number, semester_id) VALUES (11, 0, 10, 5, 'Marketology', 1, 1, 4);
INSERT INTO mydb.lesson (lesson_id, type, teacher_id, course_id, thread_name, thread_id, group_number, semester_id) VALUES (12, 0, 10, 5, 'Marketology', 1, 2, 4);
INSERT INTO mydb.lesson (lesson_id, type, teacher_id, course_id, thread_name, thread_id, group_number, semester_id) VALUES (13, 0, 10, 5, 'Marketology', 1, 3, 4);
INSERT INTO mydb.lesson (lesson_id, type, teacher_id, course_id, thread_name, thread_id, group_number, semester_id) VALUES (14, 0, 11, 8, 'Chemistry', 1, 2, 5);
INSERT INTO mydb.lesson (lesson_id, type, teacher_id, course_id, thread_name, thread_id, group_number, semester_id) VALUES (15, 1, 11, 8, 'Chemistry', 1, 4, 5);
INSERT INTO mydb.lesson (lesson_id, type, teacher_id, course_id, thread_name, thread_id, group_number, semester_id) VALUES (16, 1, 10, 6, 'Economics', 1, 1, 5);
INSERT INTO mydb.lesson (lesson_id, type, teacher_id, course_id, thread_name, thread_id, group_number, semester_id) VALUES (17, 0, 14, 9, 'Biology', 2, 1, 5);
INSERT INTO mydb.lesson (lesson_id, type, teacher_id, course_id, thread_name, thread_id, group_number, semester_id) VALUES (18, 1, 15, 9, 'Biology', 2, 1, 5);
INSERT INTO mydb.lesson (lesson_id, type, teacher_id, course_id, thread_name, thread_id, group_number, semester_id) VALUES (19, 0, 14, 7, 'Ecology', 3, 1, 6);
INSERT INTO mydb.lesson (lesson_id, type, teacher_id, course_id, thread_name, thread_id, group_number, semester_id) VALUES (20, 1, 15, 7, 'Ecology', 3, 1, 6);
INSERT INTO mydb.group_exam (group_id, class_id, date) VALUES (1, 1, '2018-04-04 01:24:09');
INSERT INTO mydb.group_exam (group_id, class_id, date) VALUES (2, 2, '2018-06-04 01:24:13');
INSERT INTO mydb.group_exam (group_id, class_id, date) VALUES (3, 3, '2017-04-04 01:24:17');
INSERT INTO mydb.group_exam (group_id, class_id, date) VALUES (4, 4, '2018-04-07 01:24:25');
INSERT INTO mydb.group_exam (group_id, class_id, date) VALUES (5, 5, '2015-04-04 01:24:21');
INSERT INTO mydb.group_has_student (group_id, student_id, grade) VALUES (1, 3, 91);
INSERT INTO mydb.group_has_student (group_id, student_id, grade) VALUES (2, 3, 92);
INSERT INTO mydb.group_has_student (group_id, student_id, grade) VALUES (3, 3, NULL);
INSERT INTO mydb.group_has_student (group_id, student_id, grade) VALUES (3, 5, NULL);
INSERT INTO mydb.group_has_student (group_id, student_id, grade) VALUES (3, 8, NULL);
INSERT INTO mydb.group_has_student (group_id, student_id, grade) VALUES (4, 2, 13);
INSERT INTO mydb.group_has_student (group_id, student_id, grade) VALUES (4, 3, 1);
INSERT INTO mydb.group_has_student (group_id, student_id, grade) VALUES (4, 5, NULL);
INSERT INTO mydb.group_has_student (group_id, student_id, grade) VALUES (5, 7, NULL);
INSERT INTO mydb.group_has_student (group_id, student_id, grade) VALUES (6, 3, NULL);
INSERT INTO mydb.lesson_has_schedule (lesson_id, schedule_id, class_id) VALUES (3, 1, 1);
INSERT INTO mydb.lesson_has_schedule (lesson_id, schedule_id, class_id) VALUES (12, 1, 4);
INSERT INTO mydb.lesson_has_schedule (lesson_id, schedule_id, class_id) VALUES (1, 2, 3);
INSERT INTO mydb.lesson_has_schedule (lesson_id, schedule_id, class_id) VALUES (4, 3, 2);
INSERT INTO mydb.lesson_has_schedule (lesson_id, schedule_id, class_id) VALUES (2, 4, 3);
INSERT INTO mydb.lesson_has_schedule (lesson_id, schedule_id, class_id) VALUES (5, 5, 6);
INSERT INTO mydb.lesson_has_schedule (lesson_id, schedule_id, class_id) VALUES (6, 6, 5);
INSERT INTO mydb.lesson_has_schedule (lesson_id, schedule_id, class_id) VALUES (7, 7, 1);
INSERT INTO mydb.lesson_has_schedule (lesson_id, schedule_id, class_id) VALUES (8, 8, 2);
INSERT INTO mydb.lesson_has_schedule (lesson_id, schedule_id, class_id) VALUES (9, 9, 4);
INSERT INTO mydb.lesson_has_schedule (lesson_id, schedule_id, class_id) VALUES (10, 10, 7);
INSERT INTO mydb.lesson_has_schedule (lesson_id, schedule_id, class_id) VALUES (11, 11, 9);
INSERT INTO mydb.lesson_has_schedule (lesson_id, schedule_id, class_id) VALUES (13, 12, 5);
INSERT INTO mydb.lesson_has_schedule (lesson_id, schedule_id, class_id) VALUES (14, 21, 5);
INSERT INTO mydb.lesson_has_schedule (lesson_id, schedule_id, class_id) VALUES (15, 22, 1);
INSERT INTO mydb.lesson_has_schedule (lesson_id, schedule_id, class_id) VALUES (16, 23, 2);
INSERT INTO mydb.lesson_has_schedule (lesson_id, schedule_id, class_id) VALUES (17, 24, 3);
INSERT INTO mydb.lesson_has_schedule (lesson_id, schedule_id, class_id) VALUES (19, 25, 5);
INSERT INTO mydb.lesson_has_schedule (lesson_id, schedule_id, class_id) VALUES (18, 26, 3);
INSERT INTO mydb.lesson_has_schedule (lesson_id, schedule_id, class_id) VALUES (20, 27, 8);
